{"accuracy": [0.5931004881858826, 0.8578277230262756, 0.9100362658500671, 0.9397538900375366, 0.9539796710014343, 0.9649477005004883, 0.9702112674713135, 0.9767408967018127, 0.9788604974746704, 0.9800554513931274], "loss": [1.3928568363189697, 0.4543558359146118, 0.27878981828689575, 0.18613696098327637, 0.13893401622772217, 0.10723468661308289, 0.09127107262611389, 0.0728449672460556, 0.06589099764823914, 0.05998656153678894], "val_accuracy": [0.8372979760169983, 0.8970521092414856, 0.928977906703949, 0.9484975934028625, 0.9408718347549438, 0.9392215013504028, 0.9482130408287048, 0.9682449102401733, 0.9660823941230774, 0.9613020420074463], "val_loss": [0.5201117396354675, 0.3280186355113983, 0.22505244612693787, 0.15700100362300873, 0.20054207742214203, 0.1999080926179886, 0.17939075827598572, 0.10681847482919693, 0.11465010792016983, 0.14096328616142273]}